count_point_id,region_id,region_name,local_authority_id,local_authority_name,road_name,road_type,start_junction_road_name,end_junction_road_name,easting,northing,latitude,longitude,link_length_km,link_length_miles
990168,3,Scotland,3,"Glasgow City",B808,Minor,,,259070,668235,55.88657200,-4.25478700,,
982114,3,Scotland,3,"Glasgow City",U,Minor,,,256985,667916,55.88309300,-4.28792410,,
967608,3,Scotland,3,"Glasgow City",B763,Minor,,,259550,662530,55.83549389,-4.24416309,,
967607,3,Scotland,3,"Glasgow City",U,Minor,,,256666,660192,55.81365400,-4.28893800,,
967606,3,Scotland,3,"Glasgow City",U,Minor,,,255775,664825,55.85498200,-4.30560500,,
967604,3,Scotland,3,"Glasgow City",U,Minor,,,254170,662698,55.83540400,-4.33007840,,
951151,3,Scotland,3,"Glasgow City",U,Minor,,,259265,667175,55.87711200,-4.25112090,,
951133,3,Scotland,3,"Glasgow City",U,Minor,,,254166,668012,55.88310900,-4.33300100,,
941149,3,Scotland,3,"Glasgow City",U,Minor,,,259236,664117,55.84964900,-4.24999560,,
941144,3,Scotland,3,"Glasgow City",U,Minor,,,256730,663289,55.84147700,-4.28955110,,
941138,3,Scotland,3,"Glasgow City",U,Minor,,,255799,666317,55.86838548,-4.30601582,,
931912,3,Scotland,3,"Glasgow City",U,Minor,,,260219,659172,55.80553800,-4.23176270,,
931911,3,Scotland,3,"Glasgow City",U,Minor,,,258330,665740,55.86395500,-4.26530260,,
931874,3,Scotland,3,"Glasgow City",U,Minor,,,263210,665170,55.86024700,-4.18710290,,
931873,3,Scotland,3,"Glasgow City",U,Minor,,,259060,669420,55.89720700,-4.25556410,,
931872,3,Scotland,3,"Glasgow City",U,Minor,,,256900,670430,55.90563700,-4.29061180,,
931871,3,Scotland,3,"Glasgow City",U,Minor,,,252010,671860,55.91699600,-4.36954190,,
931870,3,Scotland,3,"Glasgow City",U,Minor,,,253500,659980,55.81080100,-4.33930090,,
930175,3,Scotland,3,"Glasgow City",B765,Minor,,,265220,665720,55.86575200,-4.15528780,,
811630,3,Scotland,3,"Glasgow City",U,Minor,,,266583,664457,55.85479100,-4.13290310,,
811614,3,Scotland,3,"Glasgow City",U,Minor,,,262521,669210,55.89632300,-4.20015360,,
811537,3,Scotland,3,"Glasgow City",U,Minor,,,254242,670161,55.90242500,-4.33294510,,
811528,3,Scotland,3,"Glasgow City",U,Minor,,,258450,662707,55.83676000,-4.26180390,,
811488,3,Scotland,3,"Glasgow City",C,Minor,,,252855,662121,55.82982500,-4.35074290,,
811487,3,Scotland,3,"Glasgow City",C,Minor,,,251919,672002,55.91824200,-4.37107440,,
811478,3,Scotland,3,"Glasgow City",C,Minor,,,261703,665721,55.86476400,-4.21144170,,
811464,3,Scotland,3,"Glasgow City",C,Minor,,,253008,668799,55.88982200,-4.35192380,,
811458,3,Scotland,3,"Glasgow City",C,Minor,,,258139,661675,55.82740300,-4.26622630,,
811444,3,Scotland,3,"Glasgow City",U,Minor,,,262716,666581,55.87277500,-4.19570410,,
811436,3,Scotland,3,"Glasgow City",U,Minor,,,256966,662831,55.83743500,-4.28554430,,
811435,3,Scotland,3,"Glasgow City",C,Minor,,,259909,664526,55.85351700,-4.23946630,,
811417,3,Scotland,3,"Glasgow City",C,Minor,,,264729,665270,55.86157400,-4.16290290,,
811381,3,Scotland,3,"Glasgow City",U,Minor,,,268637,667313,55.88099900,-4.10150050,,
811355,3,Scotland,3,"Glasgow City",U,Minor,,,259806,660056,55.81335500,-4.23880220,,
811345,3,Scotland,3,"Glasgow City",C,Minor,,,262071,664411,55.85310800,-4.20489970,,
811332,3,Scotland,3,"Glasgow City",C,Minor,,,255170,667191,55.87604200,-4.31652580,,
811300,3,Scotland,3,"Glasgow City",C,Minor,,,256753,666150,55.86716900,-4.29069550,,
811289,3,Scotland,3,"Glasgow City",C,Minor,,,255535,663684,55.84466700,-4.30882790,,
811253,3,Scotland,3,"Glasgow City",U,Minor,,,264155,664121,55.85109600,-4.17149100,,
804882,3,Scotland,3,"Glasgow City",C,Minor,,,253805,662585,55.83427900,-4.33584010,,
804853,3,Scotland,3,"Glasgow City",B773,Minor,,,252436,659645,55.80746900,-4.35608150,,
804826,3,Scotland,3,"Glasgow City",U,Minor,,,258968,659475,55.80789500,-4.25186220,,
804797,3,Scotland,3,"Glasgow City",C,Minor,,,254563,665877,55.86406200,-4.32551360,,
804776,3,Scotland,3,"Glasgow City",U,Minor,,,261266,663404,55.84383600,-4.21723330,,
804725,3,Scotland,3,"Glasgow City",U,Minor,,,262347,665123,55.85957900,-4.20085600,,
804713,3,Scotland,3,"Glasgow City",C,Minor,,,262536,664349,55.85268400,-4.19744640,,
804683,3,Scotland,3,"Glasgow City",U,Minor,,,256115,664667,55.85366500,-4.30009450,,
804670,3,Scotland,3,"Glasgow City",U,Minor,,,263209,668459,55.88977600,-4.18878030,,
804662,3,Scotland,3,"Glasgow City",B763,Minor,,,258237,662843,55.83791800,-4.26527310,,
804654,3,Scotland,3,"Glasgow City",U,Minor,,,261118,666424,55.87090700,-4.22114210,,
91282,3,Scotland,3,"Glasgow City",M74,Major,A74,A763,266314,662205,55.83449600,-4.13608740,2.90,1.80
91186,3,Scotland,3,"Glasgow City",A8,Major,"Junction A89 Main Street, A8 Glasgow and Edinburgh Road and Ravenswood Road","Roundabout with A8 Glasgow and Edinburgh Road and A89 and Rhindhouse Road (minor road)",268551,664141,55.85249400,-4.10133520,0.60,0.37
91185,3,Scotland,3,"Glasgow City",A8,Major,"Roundabout with A8 Glasgow and Edinburgh Road and A89 and Rhindhouse Road (minor road)","M73 Junction 2",268989,664149,55.85268500,-4.09434770,1.30,0.81
91184,3,Scotland,3,"Glasgow City",A89,Major,"Roundabout with A8 Glasgow and Edinburgh Road and A89 and Rhindhouse Road (minor road)","LA Boundary with North Lanarkshire and Glasgow City",268835,664257,55.85361300,-4.09685810,0.70,0.43
91139,3,Scotland,3,"Glasgow City",A8,Major,"LA Boundary with Renfrewshire and Glasgow City","Roundabout with A739 and A8",253192,665410,55.85945400,-4.34714730,1.30,0.81
89370,3,Scotland,3,"Glasgow City",M77,Major,M77,B768,255688,663276,55.84105000,-4.30616950,0.30,0.19
88084,3,Scotland,3,"Glasgow City",M8,Major,"A8 (West Street)",M8,257943,664604,55.85364200,-4.27088570,0.50,0.31
83061,3,Scotland,3,"Glasgow City",A730,Major,"A728 Polmadie Road","A728 Cathcart Road",259444,663536,55.84449300,-4.24637510,1.60,0.99
83060,3,Scotland,3,"Glasgow City",A730,Major,"LA Boundary","A728 Polmadie Road",260055,662795,55.83801800,-4.23624310,0.50,0.31
83059,3,Scotland,3,"Glasgow City",A728,Major,"M74 Sliproad north of motorway",A730,259837,662849,55.83844136,-4.23974916,0.10,0.06
83058,3,Scotland,3,"Glasgow City",A728,Major,"M74Slip road south of motorway","M74 Sliproad north of motorway",259780,662785,55.83785020,-4.24062551,0.10,0.06
83057,3,Scotland,3,"Glasgow City",A728,Major,"A728 Aikenhead Road","M74 Slip road south of motorway",259555,662530,55.83549534,-4.24408332,0.80,0.50
83056,3,Scotland,3,"Glasgow City",A728,Major,"A728 Polmadie Road","A730 Caledonia Road",258970,663052,55.84001000,-4.25368720,1.80,1.12
83055,3,Scotland,3,"Glasgow City",A728,Major,"B768 Prospecthill Road","A728 Polmadie Road",259285,661905,55.82980400,-4.24806680,0.40,0.25
83054,3,Scotland,3,"Glasgow City",A8,Major,M8,"A8 Morrison St",257914,664631,55.85387600,-4.27136270,0.20,0.12
83053,3,Scotland,3,"Glasgow City",A8,Major,A761,M8,256997,664521,55.85261700,-4.28594040,1.80,1.12
83012,3,Scotland,3,"Glasgow City",A728,Major,A730,A749,260520,662986,55.83986800,-4.22892240,1.10,0.68
82106,3,Scotland,3,"Glasgow City",A8,Major,"South Portland Street","Bridge Street/Eglinton Street",258790,664451,55.85251700,-4.25728730,0.10,0.06
82105,3,Scotland,3,"Glasgow City",A8,Major,"Bridge Street","Commerce Street",258645,664490,55.85282500,-4.25962180,0.10,0.06
82104,3,Scotland,3,"Glasgow City",A8,Major,"Commerce Street","Tradeston Street",258545,664514,55.85301100,-4.26123040,0.20,0.12
82103,3,Scotland,3,"Glasgow City",A8,Major,"Tradeston Street","Paterson Street",258307,664571,55.85345300,-4.26505870,0.20,0.12
82102,3,Scotland,3,"Glasgow City",A8,Major,"Paterson Street","Camoustie Street",258127,664614,55.85378600,-4.26795410,0.20,0.12
82101,3,Scotland,3,"Glasgow City",A8,Major,"Norfolk Street","Bridge Street/Oxford Street",258838,664526,55.85320500,-4.25656020,0.20,0.12
82100,3,Scotland,3,"Glasgow City",A8,Major,"Bridge Street","Commerce Street",258663,664601,55.85382700,-4.25939240,0.10,0.06
82099,3,Scotland,3,"Glasgow City",A8,Major,"Commerce Street","Tradeston Street",258500,664639,55.85412000,-4.26201380,0.20,0.12
82098,3,Scotland,3,"Glasgow City",A8,Major,"Tradeston Street","West Street",258312,664340,55.85138000,-4.26485820,0.10,0.06
82097,3,Scotland,3,"Glasgow City",A8,Major,"Cook Street","Wallace Street",258363,664364,55.85161100,-4.26405680,0.10,0.06
82096,3,Scotland,3,"Glasgow City",A8,Major,"Cook Street","Wallace Street",258282,664383,55.85175800,-4.26535950,0.10,0.06
82095,3,Scotland,3,"Glasgow City",A8,Major,"Wallace Street","Nelson Street",258397,664500,55.85284200,-4.26358520,0.10,0.06
82094,3,Scotland,3,"Glasgow City",A8,Major,"Nelson Street","Kingston Street",258416,664583,55.85359300,-4.26332530,0.10,0.06
82093,3,Scotland,3,"Glasgow City",A77,Major,"Cook Street/Bedford Street","Wallace Street/Coburg Street",258652,664329,55.85138100,-4.25942620,0.10,0.06
82092,3,Scotland,3,"Glasgow City",A77,Major,"Wallace Street/Coburg Street","Norfolk Street",258677,664428,55.85227800,-4.25907880,0.10,0.06
82091,3,Scotland,3,"Glasgow City",A77,Major,"Norfolk Street","Oxford Street",258703,664535,55.85324600,-4.25871960,0.10,0.06
82090,3,Scotland,3,"Glasgow City",A77,Major,"Oxford Street","Broomielaw/Clyde Street",258753,664743,55.85512800,-4.25802990,0.30,0.19
82089,3,Scotland,3,"Glasgow City",A77,Major,"Nelson Street","Kingston Street",258605,664551,55.85336100,-4.26029210,0.10,0.06
82088,3,Scotland,3,"Glasgow City",A77,Major,"Kingston Street",Broomielaw,258639,664693,55.85464600,-4.25982340,0.30,0.19
82087,3,Scotland,3,"Glasgow City",A8,Major,"Tradeston Street","West Street",258323,664453,55.85239800,-4.26474170,0.10,0.06
82086,3,Scotland,3,"Glasgow City",A8,Major,"Eglinton Street","Tradeston Street",258486,664299,55.85106300,-4.26205990,0.30,0.19
82085,3,Scotland,3,"Glasgow City",A8,Major,"Eglinton Street","Tradeston Street",258610,664383,55.85185400,-4.26012470,0.30,0.19
82084,3,Scotland,3,"Glasgow City",A8,Major,"Tradeston Street","Camoustie Street",258318,664668,55.85432700,-4.26493390,0.40,0.25
82083,3,Scotland,3,"Glasgow City",M8,Major,"A8 (West Street)",M8,258241,664429,55.85215900,-4.26603790,0.50,0.31
82082,3,Scotland,3,"Glasgow City",M8,Major,"A8 (West Street)",M8,258204,664383,55.85173613,-4.26660446,0.50,0.31
82081,3,Scotland,3,"Glasgow City",A8,Major,M8,"Morrison Street",258072,664515,55.85288100,-4.26878020,0.40,0.25
82079,3,Scotland,3,"Glasgow City",A728,Major,"B763 Dunn Street",A749,261772,664080,55.85005000,-4.20950340,0.70,0.43
82078,3,Scotland,3,"Glasgow City",A728,Major,A749,A74,261427,663440,55.84420500,-4.21468260,0.80,0.50
82077,3,Scotland,3,"Glasgow City",A74,Major,"B763 Dunn Street",A749,261000,664000,55.84911000,-4.22178320,1.10,0.68
82076,3,Scotland,3,"Glasgow City",A74,Major,"Fullarton Road roundabout","B763 Dunn Street",262500,663700,55.84684700,-4.19769200,2.90,1.80
82075,3,Scotland,3,"Glasgow City",A89,Major,"B763 Millerston Street","B765 Killin St",263000,664420,55.85345400,-4.19007630,3.00,1.86
82074,3,Scotland,3,"Glasgow City",A89,Major,A8,A728,260500,664770,55.85587900,-4.23015890,2.30,1.43
82047,3,Scotland,3,"Glasgow City",M8,Major,M8,M74,256000,664200,55.84943900,-4.30168200,1.00,0.62
82046,3,Scotland,3,"Glasgow City",M77,Major,M77,M8,256247,664120,55.84879400,-4.29769780,0.70,0.43
82045,3,Scotland,3,"Glasgow City",M8,Major,M74,"Seaward Street",257381,664134,55.84925600,-4.27960830,0.40,0.25
82044,3,Scotland,3,"Glasgow City",M8,Major,M74,"Seaward Street",257361,664228,55.85009400,-4.27997690,0.40,0.25
82043,3,Scotland,3,"Glasgow City",M8,Major,"Seaward Street",A8,257875,664322,55.85109000,-4.27182320,0.90,0.56
82042,3,Scotland,3,"Glasgow City",M8,Major,"Seaward Street",A8,257833,664467,55.85238000,-4.27256950,1.00,0.62
82041,3,Scotland,3,"Glasgow City",M77,Major,B768,M77,255667,663213,55.84047800,-4.30647110,0.50,0.31
82040,3,Scotland,3,"Glasgow City",M8,Major,M74/M77/M8,A8,257380,664190,55.84975900,-4.27965370,1.40,0.87
82039,3,Scotland,3,"Glasgow City",M8,Major,M74/M77/M8,"Seaward Street",256946,664204,55.84975600,-4.28658720,0.30,0.19
82038,3,Scotland,3,"Glasgow City",M77,Major,M74/M77/M8,M8,256247,664120,55.84879400,-4.29769780,0.70,0.43
82037,3,Scotland,3,"Glasgow City",M77,Major,B768,M74/M77/M8,256115,663722,55.84518200,-4.29959320,0.70,0.43
82036,3,Scotland,3,"Glasgow City",M77,Major,M77,B768,255576,663254,55.84081900,-4.30794480,0.40,0.25
82035,3,Scotland,3,"Glasgow City",M74,Major,M74,A8,258250,664245,55.85050900,-4.26579810,0.50,0.31
82034,3,Scotland,3,"Glasgow City",M74,Major,M74,A8,258098,664261,55.85060800,-4.26823230,0.40,0.25
82033,3,Scotland,3,"Glasgow City",M74,Major,A730/B763,M74,259630,662881,55.83866700,-4.24306820,0.50,0.31
82032,3,Scotland,3,"Glasgow City",M74,Major,A730/B763,M74,259604,662829,55.83819300,-4.24345620,0.40,0.25
82031,3,Scotland,3,"Glasgow City",M74,Major,M74,A730/B763,259862,662687,55.83699300,-4.23926660,0.40,0.25
82030,3,Scotland,3,"Glasgow City",M74,Major,M74,A730/B763,259938,662713,55.83724800,-4.23806750,0.40,0.25
82025,3,Scotland,3,"Glasgow City",M74,Major,A74,M74,263932,662490,55.83638900,-4.17423230,0.50,0.31
82024,3,Scotland,3,"Glasgow City",M74,Major,A74,M74,263956,662403,55.83561500,-4.17380570,0.40,0.25
82023,3,Scotland,3,"Glasgow City",M74,Major,M74,A74,264214,662382,55.83549900,-4.16967900,0.40,0.25
82022,3,Scotland,3,"Glasgow City",M74,Major,M74,A74,264276,662296,55.83474400,-4.16864690,0.50,0.31
82021,3,Scotland,3,"Glasgow City",M74,Major,M74,A763,264987,662324,55.83519500,-4.15731750,0.30,0.19
82020,3,Scotland,3,"Glasgow City",M74,Major,M74,A763,264985,662383,55.83572400,-4.15737870,0.40,0.25
82019,3,Scotland,3,"Glasgow City",M74,Major,A8,"Seaward Street",258016,664319,55.85110500,-4.26957130,1.30,0.81
82018,3,Scotland,3,"Glasgow City",M74,Major,A730/B763,A8,258762,663474,55.84373800,-4.25722550,1.60,0.99
82017,3,Scotland,3,"Glasgow City",M74,Major,A730/B763,A730/B763,259851,662738,55.83744700,-4.23946840,0.90,0.56
82016,3,Scotland,3,"Glasgow City",M74,Major,A724,A730/B763,260176,662450,55.83495600,-4.23413490,0.20,0.12
82011,3,Scotland,3,"Glasgow City",M74,Major,A74,A74,264081,662392,55.83555100,-4.17180600,0.90,0.56
82010,3,Scotland,3,"Glasgow City",M74,Major,A763,A74,264707,662311,55.83500000,-4.16177820,0.60,0.37
82009,3,Scotland,3,"Glasgow City",M74,Major,A74,A763,266314,662205,55.83449600,-4.13608740,2.60,1.62
81521,3,Scotland,3,"Glasgow City",A814,Major,M8/A804,"A814 Bromielaw",258239,665218,55.85924100,-4.26648240,0.70,0.43
81005,3,Scotland,3,"Glasgow City",A8,Major,M8,"TRADESTON STREET",258140,664380,55.85169036,-4.26762432,0.40,0.25
81004,3,Scotland,3,"Glasgow City",A77,Major,A77,A77,258370,663330,55.84233000,-4.26340530,1.60,0.99
81003,3,Scotland,3,"Glasgow City",A77,Major,A8,A814,258740,664700,55.85473947,-4.25821508,0.30,0.19
81002,3,Scotland,3,"Glasgow City",A77,Major,A814,A77,258640,664720,55.85488971,-4.25982162,0.30,0.19
81001,3,Scotland,3,"Glasgow City",A77,Major,A77,A77,258680,664440,55.85238763,-4.25903725,0.20,0.12
81000,3,Scotland,3,"Glasgow City",A8,Major,A8,A730,259000,664400,55.85212100,-4.25390910,0.20,0.12
80999,3,Scotland,3,"Glasgow City",A8,Major,A8,A8,258730,664470,55.85267162,-4.25825487,0.10,0.06
80998,3,Scotland,3,"Glasgow City",A8,Major,A8,A8,258810,664560,55.85350307,-4.25702490,0.20,0.12
80997,3,Scotland,3,"Glasgow City",A8,Major,"TRADESTON STREET",A77,258490,664300,55.85107499,-4.26199663,0.50,0.31
80996,3,Scotland,3,"Glasgow City",A8,Major,"TRADESTON STREET",A77,258510,664410,55.85206843,-4.26173482,0.50,0.31
80995,3,Scotland,3,"Glasgow City",A8,Major,A8,A77,258500,664640,55.85413041,-4.26201444,0.40,0.25
80994,3,Scotland,3,"Glasgow City",A8,Major,A8,A77,258500,664530,55.85314284,-4.26195704,0.40,0.25
80993,3,Scotland,3,"Glasgow City",A8,Major,A8,A8,258230,664660,55.85423064,-4.26633432,0.40,0.25
80992,3,Scotland,3,"Glasgow City",A8,Major,A8,A8,258310,664570,55.85344615,-4.26501042,0.40,0.25
80991,3,Scotland,3,"Glasgow City",A8,Major,M8,A8,258100,664500,55.85275400,-4.26832540,0.50,0.31
80596,3,Scotland,3,"Glasgow City",M77,Major,2,1,254000,661850,55.82774000,-4.33233440,2.80,1.74
80587,3,Scotland,3,"Glasgow City",M74,Major,2,1,264600,662300,55.83487277,-4.16347987,0.99,0.62
80586,3,Scotland,3,"Glasgow City",M74,Major,3,2,266000,662200,55.83436584,-4.14109458,3.00,1.86
80585,3,Scotland,3,"Glasgow City",M77,Major,1,M8,256000,663540,55.84351472,-4.30133173,1.80,1.12
80505,3,Scotland,3,"Glasgow City",M80,Major,2,"LA Boundary",264300,668810,55.89323700,-4.17152610,1.20,0.75
80504,3,Scotland,3,"Glasgow City",M80,Major,1,2,263000,667500,55.88110700,-4.19163380,3.00,1.86
80448,3,Scotland,3,"Glasgow City",A814,Major,A814,"M8 Slips",257600,665340,55.86014800,-4.27674670,0.40,0.25
80447,3,Scotland,3,"Glasgow City",M8,Major,M8,M8,258000,665116,55.85825500,-4.27024410,0.20,0.12
80446,3,Scotland,3,"Glasgow City",M8,Major,A8,"M8 Slips",258000,664720,55.85470000,-4.27003660,0.50,0.31
80445,3,Scotland,3,"Glasgow City",M8,Major,A814,M8,257909,665335,55.86019500,-4.27181140,0.60,0.37
80444,3,Scotland,3,"Glasgow City",M8,Major,M8,"Waterloo Street",258232,665400,55.86087300,-4.26668930,0.50,0.31
80443,3,Scotland,3,"Glasgow City",M8,Major,M8,"Pitt Street",258206,665520,55.86194300,-4.26716710,0.50,0.31
80442,3,Scotland,3,"Glasgow City",M8,Major,A814,M8,257957,665240,55.85935600,-4.27099540,0.40,0.25
80441,3,Scotland,3,"Glasgow City",A814,Major,"M8 Slips",A804,257910,665290,55.85979100,-4.27177190,0.30,0.19
80368,3,Scotland,3,"Glasgow City",A814,Major,A741,Kingsway,252000,668140,55.88359800,-4.36766550,1.10,0.68
80283,3,Scotland,3,"Glasgow City",A728,Major,B762/B766,"B768 Prospecthill Road",259115,661000,55.82162900,-4.25030910,0.90,0.56
80282,3,Scotland,3,"Glasgow City",A77,Major,"LA Boundary","B768 Langside Avenue",257180,662000,55.83003800,-4.28169300,2.20,1.37
80281,3,Scotland,3,"Glasgow City",A77,Major,"B763 Nithsdale Drive",A8,258450,663500,55.84388094,-4.26221757,1.70,1.06
80280,3,Scotland,3,"Glasgow City",A763,Major,"LA Boundary",M74,264750,662000,55.83222000,-4.16093720,1.20,0.75
80279,3,Scotland,3,"Glasgow City",A74,Major,"B763 Dunn Street",A749,261000,664000,55.84911176,-4.22178332,0.70,0.43
80278,3,Scotland,3,"Glasgow City",A8,Major,A80,"B765 Stepps Road",265000,665350,55.86236800,-4.15861620,2.80,1.74
80237,3,Scotland,3,"Glasgow City",A74,Major,A763,"Fullarton Road roundabout",264449,662386,55.83560100,-4.16593180,0.80,0.50
80215,3,Scotland,3,"Glasgow City",A80,Major,M8,"LA Boundary",264900,667800,55.88433700,-4.16143490,2.20,1.37
80212,3,Scotland,3,"Glasgow City",A8,Major,"B765 Stepps Road",A89,266000,665240,55.86165900,-4.14259630,3.40,2.11
78667,3,Scotland,3,"Glasgow City",A879,Major,"B808 Hayston Street","Skirsa St",258800,668750,55.89111600,-4.25936880,1.40,0.87
78653,3,Scotland,3,"Glasgow City",A74,Major,A763,"B7058 Mount Vernon Avenue",265500,662600,55.83781700,-4.14926970,1.70,1.06
77420,3,Scotland,3,"Glasgow City",A752,Major,"LA Boundary","LA boundary",270015,665290,55.86320800,-4.07851760,1.00,0.62
77114,3,Scotland,3,"Glasgow City",A763,Major,M74,A74,264810,662400,55.83582800,-4.16017920,0.10,0.06
77100,3,Scotland,3,"Glasgow City",A803,Major,A8,A804,260250,666080,55.86756800,-4.23482490,0.40,0.25
77084,3,Scotland,3,"Glasgow City",A804,Major,M8,A814,257985,665205,55.85905000,-4.27053010,0.30,0.19
74430,3,Scotland,3,"Glasgow City",M74,Major,"LA Boundary",3,267960,662215,55.83504000,-4.10983130,0.40,0.25
74429,3,Scotland,3,"Glasgow City",M77,Major,3,2,253920,660080,55.81182600,-4.33265890,2.30,1.43
74428,3,Scotland,3,"Glasgow City",A726,Major,A736,M77,252940,659650,55.80766800,-4.34805010,2.70,1.68
74427,3,Scotland,3,"Glasgow City",A726,Major,"LA boundary",A736,251250,661120,55.82034700,-4.37579400,0.90,0.56
74426,3,Scotland,3,"Glasgow City",A761,Major,"LA boundary",A736,251940,663880,55.84533600,-4.36629630,0.20,0.12
74425,3,Scotland,3,"Glasgow City",A814,Major,"LA boundary",A714,251000,668940,55.89047100,-4.38407760,0.70,0.43
74423,3,Scotland,3,"Glasgow City",M73,Major,"LA boundary","LA Boundary",269890,667200,55.88032400,-4.08143100,0.70,0.43
74422,3,Scotland,3,"Glasgow City",M73,Major,2,"LA boundary",269625,665005,55.86054400,-4.08460750,1.80,1.12
74418,3,Scotland,3,"Glasgow City",M73,Major,"LA boundary",2,269080,663400,55.84598500,-4.09253360,1.10,0.68
74416,3,Scotland,3,"Glasgow City",A74,Major,"LA Boundary","M74 jn3",267990,662330,55.83608000,-4.10940860,0.50,0.31
74414,3,Scotland,3,"Glasgow City",A741,Major,Ferry,A814,251250,668560,55.88713700,-4.37987510,0.30,0.19
74380,3,Scotland,3,"Glasgow City",M77,Major,"LA boundary",3,253500,658290,55.79562900,-4.33839080,1.20,0.75
74379,3,Scotland,3,"Glasgow City",A727,Major,M77,"LA boundary",254000,659020,55.80233400,-4.33081440,1.00,0.62
74368,3,Scotland,3,"Glasgow City",A81,Major,B808,"LA boundary",256290,669500,55.89710600,-4.29986630,3.30,2.05
74364,3,Scotland,3,"Glasgow City",A803,Major,B808,"LA boundary",260420,668500,55.88934400,-4.23335820,1.20,0.75
50983,3,Scotland,3,"Glasgow City",A730,Major,"LA Boundary",A728,260000,663120,55.84092175,-4.23728834,1.70,1.06
50979,3,Scotland,3,"Glasgow City",A736,Major,A761,"LA boundary",252100,665000,55.85544000,-4.36435410,1.70,1.06
50978,3,Scotland,3,"Glasgow City",A761,Major,A739,A736,252997,663881,55.84566900,-4.34943110,1.30,0.81
50976,3,Scotland,3,"Glasgow City",A739,Major,A82,"LA boundary",254700,669000,55.89214000,-4.32500240,1.40,0.87
50974,3,Scotland,3,"Glasgow City",A739,Major,A8,A814,254200,666400,55.86864800,-4.33159000,2.10,1.30
50952,3,Scotland,3,"Glasgow City",A814,Major,A804,"A814 Stobcross St",257600,665000,55.85709600,-4.27656810,1.00,0.62
50950,3,Scotland,3,"Glasgow City",A814,Major,"A8 Gorbals St","A8 Saltmarket",259300,664600,55.85400400,-4.24922480,0.30,0.19
50850,3,Scotland,3,"Glasgow City",A89,Major,"B763 Millerston Street","B765 Killin St",263000,664420,55.85345510,-4.19007642,3.50,2.17
50828,3,Scotland,3,"Glasgow City",A82,Major,A804,A739,257200,667130,55.87610000,-4.28407540,4.10,2.55
50810,3,Scotland,3,"Glasgow City",M8,Major,20,19,258000,664700,55.85452206,-4.27002625,0.70,0.43
50808,3,Scotland,3,"Glasgow City",M8,Major,10,9,267300,665430,55.86372500,-4.12193430,1.40,0.87
50802,3,Scotland,3,"Glasgow City",A77,Major,A8,A814,258740,664700,55.85473947,-4.25821508,0.40,0.25
50795,3,Scotland,3,"Glasgow City",A74,Major,A749,A8,260060,663730,55.84641400,-4.23664550,1.60,0.99
50733,3,Scotland,3,"Glasgow City",A8,Major,"A803 Castle St",A80,262000,665500,55.86286500,-4.20658740,2.30,1.43
50728,3,Scotland,3,"Glasgow City",A8,Major,A74/A728,A814,259400,664400,55.85223800,-4.24752500,0.40,0.25
50724,3,Scotland,3,"Glasgow City",A8,Major,A761,"A8 Morrison St",257000,664500,55.85243091,-4.28588157,2.00,1.24
50721,3,Scotland,3,"Glasgow City",M8,Major,M73,"LA boundary",269480,664035,55.85179500,-4.08645540,0.40,0.25
40925,3,Scotland,3,"Glasgow City",A814,Major,"A77 Commerce St","A77 Bridge St",258700,664900,55.85652200,-4.25895770,0.20,0.12
40924,3,Scotland,3,"Glasgow City",A814,Major,A739,"A814 Finnieston St",255000,666500,55.86978700,-4.31887060,3.50,2.17
40919,3,Scotland,3,"Glasgow City",A804,Major,M8/A879,A803,259700,666200,55.86848500,-4.24366860,1.40,0.87
40918,3,Scotland,3,"Glasgow City",A803,Major,A804,"B808 Springburn Road",260400,667300,55.87856500,-4.23305870,1.90,1.18
40910,3,Scotland,3,"Glasgow City",A749,Major,A74,A8,260000,664580,55.85402800,-4.23804170,1.40,0.87
40902,3,Scotland,3,"Glasgow City",A728,Major,"B768 Prospecthill Road",A730,259000,663000,55.83955308,-4.25318157,2.20,1.37
40850,3,Scotland,3,"Glasgow City",A89,Major,A8,M73,268750,664240,55.85343700,-4.09820670,1.20,0.75
40818,3,Scotland,3,"Glasgow City",A8,Major,A89,M8/M73,268700,664140,55.85252600,-4.09895640,1.30,0.81
40817,3,Scotland,3,"Glasgow City",A8,Major,A730,A74/A728,259200,664300,55.85128100,-4.25066510,0.30,0.19
40816,3,Scotland,3,"Glasgow City",A8,Major,A739,B768,253800,665000,55.85595800,-4.33722120,1.80,1.12
40811,3,Scotland,3,"Glasgow City",M8,Major,24,23,255340,664220,55.84942000,-4.31222520,0.90,0.56
40810,3,Scotland,3,"Glasgow City",M8,Major,18,17,257950,666000,55.86617700,-4.27150550,1.10,0.68
40809,3,Scotland,3,"Glasgow City",M8,Major,14,13,261800,666050,55.86774600,-4.21006090,1.00,0.62
40808,3,Scotland,3,"Glasgow City",M8,Major,9,M73,268300,665120,55.86121600,-4.10581720,2.00,1.24
31022,3,Scotland,3,"Glasgow City",A739,Major,A761,M8,253400,664000,55.84686000,-4.34306500,1.20,0.75
30956,3,Scotland,3,"Glasgow City",A879,Major,"Skirsa St","LA Boundary",258200,670000,55.90216200,-4.26960980,3.70,2.30
30925,3,Scotland,3,"Glasgow City",A814,Major,M8/A804,"A814 James Watt St",258300,664950,55.85685300,-4.26536850,0.40,0.25
30919,3,Scotland,3,"Glasgow City",A804,Major,A82,M8/A81,258493,666390,55.86983800,-4.26303980,0.60,0.37
30843,3,Scotland,3,"Glasgow City",A81,Major,M8/A804,"B808 Bilsland Drive",258000,667500,55.87965800,-4.27149370,2.10,1.30
30839,3,Scotland,3,"Glasgow City",A77,Major,"B768 Langside Avenue","B763 Nithsdale Drive",258000,662780,55.83728300,-4.26902120,1.00,0.62
30820,3,Scotland,3,"Glasgow City",A8,Major,"A814 Clyde St","A8 Bridgegate",259500,664600,55.85406200,-4.24603260,0.20,0.12
30819,3,Scotland,3,"Glasgow City",A8,Major,A77,A730,259000,664400,55.85212221,-4.25390918,0.40,0.25
30813,3,Scotland,3,"Glasgow City",M8,Major,22,20,257000,664200,55.84973759,-4.28572340,1.40,0.87
30812,3,Scotland,3,"Glasgow City",M8,Major,17,16,259190,666395,55.87008700,-4.25191310,1.10,0.68
30811,3,Scotland,3,"Glasgow City",M8,Major,12,11,263700,666500,55.87232700,-4.17994950,2.00,1.24
21027,3,Scotland,3,"Glasgow City",A736,Major,"B762 Barrhead Road",A761,252100,662400,55.83209900,-4.36293690,2.70,1.68
20923,3,Scotland,3,"Glasgow City",A814,Major,A77,A8,258979,664788,55.85559800,-4.25444600,0.50,0.31
20922,3,Scotland,3,"Glasgow City",A814,Major,"A814 Finnieston St",M8/A804,257600,665340,55.86014985,-4.27674676,0.70,0.43
20916,3,Scotland,3,"Glasgow City",A803,Major,A8,A804,260160,666040,55.86718300,-4.23624120,0.60,0.37
20902,3,Scotland,3,"Glasgow City",A761,Major,A739,A8,255000,664140,55.84860000,-4.31760820,2.70,1.68
20900,3,Scotland,3,"Glasgow City",A728,Major,A730,A8/A74,259000,664000,55.84853000,-4.25370110,0.80,0.50
20848,3,Scotland,3,"Glasgow City",A89,Major,"B765 Killin St",A8,266400,663940,55.85009800,-4.13556960,3.60,2.24
20842,3,Scotland,3,"Glasgow City",A82,Major,A739,"LA Boundary",252200,669990,55.90026700,-4.36548190,4.20,2.61
20834,3,Scotland,3,"Glasgow City",A74,Major,"Fullarton Rd roundabout","B763 Dunn Street",262500,663700,55.84684839,-4.19769205,3.20,1.99
20817,3,Scotland,3,"Glasgow City",A8,Major,"A803 Springburn Rd","A803 Castle St",260200,665850,55.86548800,-4.23550450,0.30,0.19
20816,3,Scotland,3,"Glasgow City",A8,Major,A814,"A8 Saltmarket",259400,664700,55.85493100,-4.24768060,0.30,0.19
20815,3,Scotland,3,"Glasgow City",A8,Major,B768,A761,255500,664550,55.85243100,-4.30984770,0.70,0.43
20811,3,Scotland,3,"Glasgow City",M8,Major,25,24,254000,664600,55.85242800,-4.33381370,1.60,0.99
20809,3,Scotland,3,"Glasgow City",M8,Major,15,14,260788,665897,55.86608100,-4.22614070,1.20,0.75
11020,3,Scotland,3,"Glasgow City",A739,Major,M8,A8,253600,665000,55.85589800,-4.34041340,0.30,0.19
10924,3,Scotland,3,"Glasgow City",A814,Major,"A814 James Watt St",A77,258500,664930,55.85673300,-4.26216570,0.30,0.19
10923,3,Scotland,3,"Glasgow City",A814,Major,Kingsway,A739,254000,667100,55.87487200,-4.33516050,2.40,1.49
10918,3,Scotland,3,"Glasgow City",A804,Major,M8/A81,M8/A879,258800,666374,55.86978500,-4.25812950,0.60,0.37
10836,3,Scotland,3,"Glasgow City",A74,Major,M74,"B7058 Mount Vernon Avenue",267494,662519,55.83764100,-4.11741450,1.60,0.99
10821,3,Scotland,3,"Glasgow City",A8,Major,A89,A803,260000,665330,55.86076200,-4.23842910,1.00,0.62
10820,3,Scotland,3,"Glasgow City",A8,Major,A730,A814,259200,664600,55.85397500,-4.25082090,0.40,0.25
10814,3,Scotland,3,"Glasgow City",M8,Major,23,22,256000,664200,55.84943900,-4.30168200,1.00,0.62
10813,3,Scotland,3,"Glasgow City",M8,Major,13,12,263000,666600,55.87302600,-4.19117840,1.10,0.68
1143,3,Scotland,3,"Glasgow City",A879,Major,M8,"B808 Hayston Street",259100,667800,55.88267500,-4.25408130,2.20,1.37
1112,3,Scotland,3,"Glasgow City",A814,Major,M8/A804,"A814 Bromielaw",258400,665100,55.85823087,-4.26385076,0.70,0.43
1106,3,Scotland,3,"Glasgow City",A804,Major,A814,A82,258040,666270,55.86862800,-4.27021010,1.30,0.81
1097,3,Scotland,3,"Glasgow City",A749,Major,"LA Boundary",A74,261220,663320,55.84306900,-4.21792430,1.70,1.06
1094,3,Scotland,3,"Glasgow City",A739,Major,A814,A82,254600,668000,55.88313300,-4.32606270,2.30,1.43
1091,3,Scotland,3,"Glasgow City",A736,Major,A726,"B762 Barrhead Road",251900,661200,55.82126500,-4.36547280,0.60,0.37
1090,3,Scotland,3,"Glasgow City",A730,Major,A728,A8,259000,664200,55.85032500,-4.25380510,0.80,0.50
1038,3,Scotland,3,"Glasgow City",A89,Major,A8,"B763 Millerston Street",260500,664770,55.85588048,-4.23015900,1.80,1.12
1033,3,Scotland,3,"Glasgow City",A82,Major,A804,A804,258123,666496,55.87068100,-4.26900320,0.30,0.19
1029,3,Scotland,3,"Glasgow City",A80,Major,A8,M8,262900,666000,55.86761100,-4.19247170,1.60,0.99
1027,3,Scotland,3,"Glasgow City",A77,Major,A8,A814,258640,664720,55.85488971,-4.25982162,0.30,0.19
1011,3,Scotland,3,"Glasgow City",A8,Major,"A8 Bridgegate",A89/A749,259560,664750,55.85542700,-4.24515260,0.30,0.19
1010,3,Scotland,3,"Glasgow City",A8,Major,"A8 Morrison St",A77,258500,664640,55.85413041,-4.26201444,0.60,0.37
1009,3,Scotland,3,"Glasgow City",A8,Major,"A8 Paisley Rd",A77,258500,664500,55.85287351,-4.26194138,0.70,0.43
1001,3,Scotland,3,"Glasgow City",M8,Major,16,15,259700,666300,55.86938300,-4.24372040,1.10,0.68
1000,3,Scotland,3,"Glasgow City",M8,Major,11,10,266200,666110,55.86952600,-4.13983290,1.80,1.12
63,3,Scotland,3,"Glasgow City",M74,Major,A74,A724,263553,662467,55.83607600,-4.18026750,0.10,0.06
61,3,Scotland,3,"Glasgow City",A8,Major,M8,"Morrison Street",257982,664405,55.85186700,-4.27015900,0.10,0.06
